Step Number,Energy per particle,Pressure
0, 225810104.20418352, 812923844.5722646
