Step Number,Energy per particle,Pressure
0, 225810086.92462218, 812923782.060881
